query_name	sequences/Renan.sm1.fa	sequences/Chinese_Spring.sm1.fa	sequences/Norin61.sm1.fa	sequences/Lancer.sm1.fa	sequences/Jagger.sm1.fa	sequences/SY_Mattis.sm1.fa	sequences/ArinaLrFor.sm1.fa	sequences/Julius.sm1.fa	sequences/Landmark.sm1.fa	sequences/Mace.sm1.fa	sequences/Stanley.sm1.fa
ArinaLrFor_335001	0	0	0	0	0	0	1	0	0	0	0
ArinaLrFor_340001	0	0	0	0	0	0	1	0	0	0	0
ArinaLrFor_345001	0	0	0	0	0	0	1	0	0	0	0
ArinaLrFor_350001	0	0	0	0	0	0	1	0	0	0	0
ArinaLrFor_355001	0	0	0	0	0	0	1	0	0	0	0
ArinaLrFor_360001	0	0	0	0	0	0	1	0	0	0	0
ArinaLrFor_365001	0	0	0	0	0	0	1	0	0	0	0
ArinaLrFor_370001	0	0	0	0	0	0	1	0	0	0	0
ArinaLrFor_375001	0	0	0	0	0	0	1	0	0	0	0
ArinaLrFor_380001	0	0	0	0	0	0	1	0	0	0	0
ArinaLrFor_385001	0	0	0	0	0	0	1	0	0	0	0
ArinaLrFor_390001	0	0	0	0	0	0	1	0	0	0	0
ArinaLrFor_395001	0	0	0	0	0	0	1	0	0	0	0
ArinaLrFor_400001	0	0	0	0	0	0	1	0	0	0	0
ArinaLrFor_405001	0	0	0	0	0	0	1	0	0	0	0
ArinaLrFor_410001	0	0	0	0	0	0	1	0	0	0	0
ArinaLrFor_415001	0	0	0	0	0	0	1	0	0	0	0
ArinaLrFor_420001	0	0	0	0	0	0	1	0	0	0	0
ArinaLrFor_430001	0	0	0	0	0	0	1	0	0	0	0
ArinaLrFor_435001	0	0	0	0	0	0	1	0	0	0	0
ArinaLrFor_440001	0	0	0	0	0	0	1	0	0	0	0
ArinaLrFor_445001	0	0	0	0	0	0	1	0	0	0	0
ArinaLrFor_450001	0	0	0	0	0	0	1	0	0	0	0
ArinaLrFor_455001	0	0	0	0	0	0	1	0	0	0	0
ArinaLrFor_460001	0	0	0	0	0	0	1	0	0	0	0
ArinaLrFor_465001	0	0	0	0	0	0	1	0	0	0	0
ArinaLrFor_470001	0	0	0	0	0	0	1	0	0	0	0
ArinaLrFor_475001	0	0	0	0	0	0	1	0	0	0	0
ArinaLrFor_480001	0	0	0	0	0	0	1	0	0	0	0
ArinaLrFor_485001	0	0	0	0	0	0	1	0	0	0	0
ArinaLrFor_490001	0	0	0	0	0	0	1	0	0	0	0
ArinaLrFor_495001	0	0	0	0	0	0	1	0	0	0	0
ArinaLrFor_500001	0	0	0	0	0	0	1	0	0	0	0
ArinaLrFor_505001	0	0	0	0	0	0	1	0	0	0	0
ArinaLrFor_510001	0	0	0	0	0	0	1	0	0	0	0
ArinaLrFor_515001	0	0	0	0	0	0	1	0	0	0	0
ArinaLrFor_520001	0	0	0	0	0	0	1	0	0	0	0
ArinaLrFor_525001	0	0	0	0	0	0	1	0	0	0	0
ArinaLrFor_530001	0	0	0	0	0	0	1	0	0	0	0
ArinaLrFor_535001	0	0	0	0	0	0	1	0	0	0	0
ArinaLrFor_540001	0	0	0	0	0	0	1	0	0	0	0
ArinaLrFor_545001	0	0	0	0	0	0	1	0	0	0	0
ArinaLrFor_550001	0	0	0	0	0	0	1	0	0	0	0
ArinaLrFor_555001	0	0	0	0	0	0	1	0	0	0	0
ArinaLrFor_560001	0	0	0	0	0	0	1	0	0	0	0
ArinaLrFor_565001	0	0	0	0	0	0	1	0	0	0	0
ArinaLrFor_570001	0	0	0	0	0	0	1	0	0	0	0
ArinaLrFor_575001	0	0	0	0	0	0	1	0	0	0	0
ArinaLrFor_580001	0	0	0	0	0	0	1	0	0	0	0
ArinaLrFor_585001	0	0	0	0	0	0	1	0	0	0	0
ArinaLrFor_590001	0	0	0	0	0	0	1	0	0	0	0
ArinaLrFor_595001	0	0	0	0	0	0	1	0	0	0	0
ArinaLrFor_600001	0	0	0	0	0	0	1	0	0	0	0
ArinaLrFor_605001	0	0	0	0	0	0	1	0	0	0	0
ArinaLrFor_610001	0	0	0	0	0	0	1	0	0	0	0
ArinaLrFor_615001	0	0	0	0	0	0	1	0	0	0	0
ArinaLrFor_1	0	0	0	0	0	0	1	0	0	0	0
ArinaLrFor_5001	0	0	0	0	0	0	1	0	0	0	0
ArinaLrFor_10001	0	0	0	0	0	0	1	0	0	0	0
ArinaLrFor_15001	0	0	0	0	0	0	1	0	0	0	0
ArinaLrFor_20001	0	0	0	0	0	0	1	0	0	0	0
ArinaLrFor_25001	0	0	0	0	0	0	1	0	0	0	0
ArinaLrFor_30001	0	0	0	1	0	0	1	0	0	0	0
ArinaLrFor_35001	0	0	0	0	0	0	1	0	0	0	0
ArinaLrFor_40001	0	0	0	0	0	0	1	0	0	0	0
ArinaLrFor_45001	0	0	0	0	0	0	1	0	0	0	0
ArinaLrFor_50001	0	0	0	0	0	0	1	0	0	0	0
ArinaLrFor_55001	0	0	0	0	0	0	1	0	0	0	0
ArinaLrFor_60001	0	0	0	0	0	0	1	0	0	0	0
ArinaLrFor_65001	0	0	0	0	0	0	1	0	0	0	0
ArinaLrFor_70001	0	0	0	0	0	0	1	0	0	0	0
ArinaLrFor_75001	0	0	0	0	0	0	1	0	0	0	0
ArinaLrFor_80001	0	0	0	0	0	0	1	0	0	0	0
ArinaLrFor_85001	0	0	0	0	0	0	1	0	0	0	0
ArinaLrFor_95001	0	0	0	0	0	0	1	0	0	0	0
ArinaLrFor_100001	0	0	0	0	0	0	1	0	0	0	0
ArinaLrFor_105001	0	0	0	0	0	0	1	0	0	0	0
ArinaLrFor_110001	0	0	0	0	0	0	1	0	0	0	0
ArinaLrFor_115001	0	0	0	0	0	0	1	0	0	0	0
ArinaLrFor_120001	0	0	0	0	0	0	1	0	0	0	0
ArinaLrFor_125001	0	0	0	0	0	0	1	0	0	0	0
ArinaLrFor_130001	0	0	0	0	0	0	1	0	0	0	0
ArinaLrFor_135001	0	0	0	0	0	0	1	0	0	0	0
ArinaLrFor_140001	0	0	0	0	0	0	1	0	0	0	0
ArinaLrFor_145001	0	0	0	0	0	0	1	0	0	0	0
ArinaLrFor_150001	0	0	0	0	0	0	1	0	0	0	0
ArinaLrFor_155001	0	0	0	0	0	0	1	0	0	0	0
ArinaLrFor_160001	1	0	0	0	0	0	1	0	0	0	0
ArinaLrFor_165001	0	0	0	0	0	0	1	0	0	0	0
ArinaLrFor_170001	0	0	0	0	0	0	1	0	0	0	0
ArinaLrFor_175001	0	0	0	0	0	0	1	0	0	0	0
ArinaLrFor_180001	0	0	0	0	0	0	1	0	0	0	0
ArinaLrFor_185001	0	0	0	0	0	0	1	0	0	0	0
ArinaLrFor_190001	0	0	0	0	0	0	1	0	0	0	1
ArinaLrFor_195001	0	0	0	0	0	0	1	0	0	0	0
ArinaLrFor_200001	0	0	0	0	0	0	1	0	0	0	0
ArinaLrFor_205001	0	0	0	0	0	0	1	0	0	0	0
ArinaLrFor_210001	0	1	1	0	0	0	1	0	0	1	1
ArinaLrFor_215001	0	0	0	0	0	0	1	0	0	0	0
ArinaLrFor_220001	0	0	0	0	0	0	1	0	0	0	0
ArinaLrFor_225001	0	0	0	0	0	0	1	0	0	0	0
ArinaLrFor_230001	0	0	0	0	0	0	1	0	0	0	0
ArinaLrFor_235001	0	0	0	0	0	0	1	0	0	0	0
ArinaLrFor_240001	0	0	0	0	0	0	1	0	0	0	0
ArinaLrFor_245001	0	0	0	0	0	0	1	0	0	0	0
ArinaLrFor_250001	0	0	0	0	0	0	1	0	0	0	0
ArinaLrFor_255001	0	0	0	0	0	0	1	0	0	0	0
ArinaLrFor_260001	0	0	0	0	0	0	1	0	0	0	0
ArinaLrFor_265001	0	0	0	0	0	0	1	0	0	0	0
ArinaLrFor_270001	0	0	0	0	0	0	1	0	0	0	0
ArinaLrFor_275001	0	0	0	0	0	0	1	0	0	0	0
ArinaLrFor_280001	0	0	0	0	0	0	1	0	0	0	0
ArinaLrFor_285001	0	0	0	0	0	0	1	0	0	0	0
ArinaLrFor_290001	0	0	0	0	0	0	1	0	0	0	0
ArinaLrFor_295001	0	0	0	0	0	0	1	0	0	0	0
ArinaLrFor_300001	0	0	0	0	0	0	1	0	0	0	0
ArinaLrFor_305001	0	0	0	0	0	0	1	0	0	0	0
ArinaLrFor_310001	0	0	0	0	0	0	1	0	0	0	0
ArinaLrFor_315001	0	0	0	0	0	0	1	0	0	0	0
ArinaLrFor_320001	0	0	0	0	0	0	1	0	0	0	0
ArinaLrFor_325001	0	0	0	0	0	0	1	0	0	0	0
ArinaLrFor_330001	0	0	0	0	0	0	1	0	0	0	0
